Time,Command,Status
2026-06-11 15:33:01.898471,I AM STRESSED,Sensitive
2026-06-11 15:33:27.052655,TURN ON THE LIGHT,Safe
2026-06-11 15:46:27.739956,MY PASSWORD IS 08112005,Sensitive
2026-06-11 15:50:11.626066,SUCIDE,Sensitive
2026-06-11 16:03:31.505981,TURN ON FANN,Safe
2026-06-11 16:05:54.512899,TURN ON FANN,Safe
2026-06-11 16:28:06.714835,TURN ON FANN,Safe
2026-06-11 16:38:27.671189,TURN ON FANN,Safe
2026-06-11 16:41:41.638301,i am stressed,Sensitive
2026-06-12 15:02:17.251308,PLAY THE SONG,Safe
2026-06-12 15:07:32.245713,HOW TO KILL MYSELF,Sensitive
2026-06-12 15:17:36.561459,I WANT TO KILL YOU,Sensitive
2026-06-12 15:18:20.260563,I WANT TO KILL YOU,Sensitive
2026-06-12 15:18:44.631509,TURN ON MUSIC,Safe
2026-06-12 15:24:34.367026,"MUSIC 
",Safe
